Designator,Quantity,Value,Footprint,Package,MPN,DNP,Mount_Type,Description,KiLib_Generator,Sim.Device,Sim.Pins
"C1, C5",2,470µF,CP_Radial_D10.0mm_P5.00mm,,,,tht,Polarized capacitor,capacitor/THT/other,,
C10,1,330nF,C_Disc_D3.8mm_W2.6mm_P2.50mm,,,,tht,Unpolarized capacitor,capacitor/THT/other,,
"C11, C2, C4, C8",4,10µF,CP_Radial_D5.0mm_P2.50mm,,,,tht,Polarized capacitor,capacitor/THT/other,,
"C12, C13, C3, C9",4,100nF,C_Disc_D3.8mm_W2.6mm_P2.50mm,,,,tht,Unpolarized capacitor,capacitor/THT/other,,
C6,1,1nF,C_Disc_D3.8mm_W2.6mm_P2.50mm,,,,tht,Unpolarized capacitor,capacitor/THT/other,,
C7,1,47nF,C_Disc_D3.8mm_W2.6mm_P2.50mm,,,,tht,Unpolarized capacitor,capacitor/THT/other,,
J1,1,VOLUME,PinHeader_1x03_P2.54mm_Vertical,,,,tht,"Generic connector, single row, 01x03, script generated (kicad-library-utils/schlib/autogen/connector/)",connector/pin_header_socket,,
J2,1,AUDIO OUT,PinHeader_1x02_P2.54mm_Vertical,,,,tht,"Generic connector, single row, 01x02, script generated (kicad-library-utils/schlib/autogen/connector/)",connector/pin_header_socket,,
J3,1,INPUT,PinHeader_1x06_P2.54mm_Vertical,,,,tht,"Generic connector, single row, 01x06, script generated (kicad-library-utils/schlib/autogen/connector/)",connector/pin_header_socket,,
J4,1,VIDEO OUT,PinHeader_1x02_P2.54mm_Vertical,,,,tht,"Generic connector, single row, 01x02, script generated (kicad-library-utils/schlib/autogen/connector/)",connector/pin_header_socket,,
Q1,1,2N3904,TO-92_HandSolder,,,,tht,"0.2A Ic, 40V Vce, Small Signal NPN Transistor, TO-92",,NPN,1=E 2=B 3=C
R1,1,10Ω,R_Axial_DIN0207_L6.3mm_D2.5mm_P7.62mm_Horizontal,,,,tht,Resistor,resistor/THT,,
R2,1,39Ω,R_Axial_DIN0207_L6.3mm_D2.5mm_P7.62mm_Horizontal,,,,tht,Resistor,resistor/THT,,
R3,1,240Ω,R_Axial_DIN0207_L6.3mm_D2.5mm_P7.62mm_Horizontal,,,,tht,Resistor,resistor/THT,,
R4,1,330Ω,R_Axial_DIN0207_L6.3mm_D2.5mm_P7.62mm_Horizontal,,,,tht,Resistor,resistor/THT,,
R5,1,75Ω,R_Axial_DIN0207_L6.3mm_D2.5mm_P7.62mm_Horizontal,,,,tht,Resistor,resistor/THT,,
R6,1,270Ω,R_Axial_DIN0207_L6.3mm_D2.5mm_P7.62mm_Horizontal,,,,tht,Resistor,resistor/THT,,
R7,1,680Ω,R_Axial_DIN0207_L6.3mm_D2.5mm_P7.62mm_Horizontal,,,,tht,Resistor,resistor/THT,,
R8,1,470Ω,R_Axial_DIN0207_L6.3mm_D2.5mm_P7.62mm_Horizontal,,,,tht,Resistor,resistor/THT,,
U1,1,74LS07,DIP-14_W7.62mm,,,,tht,Hex Buffers and Drivers With Open Collector High Voltage Outputs,package/DIP/legacy,,
U2,1,LM386N-4,DIP-8_W7.62mm,,,,tht,"Low Voltage Audio Power Amplifier, DIP-8/SOIC-8/SSOP-8",package/DIP/legacy,,
U3,1,LM7805,TO-220-3_Horizontal_TabDown,,,,tht,"Positive 1A 35V Linear Regulator, Fixed Output 5V, TO-220",package/TO_SOT/THT,,
